0.689196669384735;-21.188630413411
0.975920377916863;-21.9040054057256
-1.33278588354286;-21.4098265509106
1.09217925646463;-20.2587144343435
-1.85138587425867;-20.5480207485506
0.531760957992072;-24.2066754719223
1.14045529086444;-10.4352792567624
3.42156616001195;-26.8529365317544
-3.18696021965333;-18.0467127796723
-4.30858516283751;-21.0737682181687
-1.65235131311278;-21.9825001515081
0.00844445328734033;-13.9993594739515
1.01464594459325;-19.1122619827603
8.36276232644413;-17.8100699952394
-2.89046093214432;-11.8907870293968
0.312968331004293;-16.0298617344028
3.73976297336247;-7.58667321119233
3.98158758081589;-21.6824777050353
-0.677030608586668;-23.8125523210944
-0.511816591357209;-14.0852783961787
-0.394352458095593;-20.6124240593395
3.43248735265293;-16.7649849723793
3.64821157897007;-20.3526821386625
-2.09403994488811;-19.9816908803106
-1.11540773217555;-14.0773380702184
0.877015517852944;-20.1705976845442
0.219147219254908;-17.103041397357
-1.27022108482131;-18.8300704516413
-3.00763043171763;-19.4735699671191
3.19130554922725;-10.3995845543183
-3.68293010107717;-19.9856301321342
1.28427326403813;-26.807236043281
-0.411266394956631;-22.184596643117
-4.17751879150863;-17.8735368483797
-2.01230201851626;-16.4293273680006
-2.10227987864169;-22.8739000784361
-1.56083982701896;-19.3009020429679
-0.246432862565079;-22.6657672153868
1.14872933815496;-20.6398780096694
-3.27676458865229;-24.6671455050228
-1.15709304651926;-12.80257661892
-1.46672756893631;-19.3703604364094
2.03102732484894;-20.6515047638703
-1.68538975541079;-21.4887743650064
6.6357195644815;-21.921038716788
1.42343134748557;-19.1315231116074
-3.86182679767174;-19.7060751008734
0.583572637964856;-18.2426497895636
1.32603049021346;-13.5207373349612
-0.175126867246141;-20.9872003652443
-0.742465069350822;-16.2800006967181
-4.8559878775904;-20.6293520252326
2.64013707748947;-22.329711847845
-0.970898427743971;-19.0744190173767
1.49064155800748;-17.5644416817088
0.368816574653799;-21.880441256105
-2.26703546486158;-11.0665947741798
1.25819126527471;-20.1187928966427
3.37250409216566;-14.3556729292401
-0.424955544771127;-21.8118044995885
0.218919600732325;-23.3114933275677
3.23386039194207;-19.5469315593536
-3.46591537580566;-22.4381761043705
-1.94264816248966;-25.9077663579579
-6.45206417861708;-23.4127480581614
3.11781081246298;-15.1144959426386
2.79448461325;-15.4178658501064
-2.4935847269916;-24.2494040288618
-0.366335122754742;-21.7083589772269
-0.588257688406093;-17.7357616436236
-5.72997509607841;-26.631336416242
2.02256922684888;-22.5013696201162
-4.73355551015604;-11.4597259120253
3.72215021099099;-14.2542587810501
3.0093528509534;-8.7777291901509
1.41074249490494;-24.1813956482686
0.76256581705672;-24.4426571551956
0.899174245255331;-14.9900670282723
3.57658310007259;-22.0531969954917
-7.39904378444073;-14.1404625298647
-2.07200795675194;-24.6616949320323
3.93425823652314;-19.3782728123989
-1.87170481656984;-14.3119204500116
-0.68076952204187;-23.9912180435317
-0.917725830826023;-25.7504640157756
-0.85630465777976;-17.651193967798
2.72641242345731;-16.2309008386658
2.54141963263777;-29.0370815188645
-1.595168489293;-16.5129045041512
-0.354621974751767;-11.7248427273381
0.459252822651668;-6.12129077907504
-0.923722091162207;-21.788644490353
-7.13286404948545;-19.2275351294974
-3.55023983580329;-17.5777564064097
1.01388850411827;-9.44626242172228
1.0990871317044;-18.5079378350479
1.3560009871373;-15.0653867384695
-0.103200548866208;-20.6660437348832
2.74320245529504;-16.8012655558465
-0.380823334971538;-26.0244113156728
1.19774769077594;-19.5109168276562
-0.480425311290991;-13.7921842356391
3.27716499526619;-22.5857650915329
-0.256132165425775;-22.0524231497301
-1.315443992532;-19.3971274497467
2.2880227065267;-17.9949052277507
-1.65631026947989;-13.1155143147713
0.654300264952964;-13.7038707535756
0.0189462709828651;-15.3882459817006
1.40392313107769;-16.588930287282
4.17487839734644;-27.5002081447962
0.448718844248901;-12.9749820931816
3.94714682792404;-12.1204287332076
-0.829179167828495;-25.0956796996925
1.70012920623937;-11.3247003982203
-0.734513442081445;-24.1285851323416
1.37390940747263;-19.3013182600236
-2.63966888899153;-21.302046922729
-0.307043814305629;-22.2081364629229
-6.82565543982867;-24.7189242552859
-3.41793337686995;-28.1757828233599
3.31657511291571;-12.1926879046881
0.536702095356694;-26.0824979454745
1.79394496372076;-16.9557530833804
2.2685916883151;-15.7007767812362
3.81990540276457;-20.7008107739949
4.57526974064115;-15.5206954311017
2.77938788806206;-20.1994341778337
-0.0720192467743451;-18.6896425913113
-1.1104000455015;-26.6355720712276
-0.870978992283425;-16.0545243439967
3.42289578807793;-17.2046997883615
1.66375529366923;-20.3152955265836
5.25250112467685;-22.4037783176805
-0.801805550278888;-16.5602761518158
-1.61485037927838;-28.4887429220527
2.03539993683082;-26.1661213966143
3.37774131362355;-16.5977853307428
-0.462497956025616;-15.8479192570834
0.584451400576044;-12.9595092118574
1.44952143926345;-23.1776720565951
3.02694515325378;-19.3072767554772
0.930565678891787;-12.8617036443324
4.81962320422472;-17.2081697631155
0.854090589302772;-16.759619821383
3.59111379694267;-19.1240104573197
4.36525648854169;-14.5554385642703
2.14470263283559;-27.0202146474896
4.00070451056673;-21.0409267470684
4.33960182793995;-14.5336044500509
-0.242653504104637;-17.4379474593208
-6.31436780128054;-21.2513212356979
1.23605395816325;-19.9104936677094
0.381619306024084;-18.8599161783083
3.19951563756859;-14.9451219550777
-1.65590721747732;-20.8881057676305
0.110411822977815;-19.2245401267544
-0.899640826361312;-15.4216665755744
0.88709124040315;-22.9844599056453
0.413321924682103;-13.4103477958915
1.8921725708898;-14.8757343480542
-3.78214314579293;-16.2453472683903
-0.286079218939078;-12.7959398285209
-1.20441912937183;-23.3155382042597
1.92153944265459;-20.2632263245082
1.47099503914497;-11.1415619685767
-2.7796379369346;-22.3011382315292
2.91139644480394;-27.6184051412633
1.70654715251761;-12.3814107471593
3.25178683905698;-11.7980073016568
-2.00574885729827;-23.3585577755026
-1.09001776564075;-20.5907050672876
-3.17286907711973;-16.7682613912674
-0.499827779087689;-21.7941084414182
-1.44653038693046;-21.3752115776655
-0.184077358265959;-19.3132333169541
-1.61739232216841;-14.1803670302049
1.41896402868838;-16.2583186355031
0.719875030287518;-16.3761142324404
0.645045959117652;-13.5861067798658
-6.05892484992003;-25.044540935176
-0.82193107340125;-22.0518667836122
0.216289804635996;-18.5911997302452
-2.25366967971054;-27.2832103106305
-1.49666825838809;-18.5292451765107
0.715367352763989;-10.3893324351692
1.75317129637737;-19.4912626041061
5.68560543419404;-25.863129060136
-1.70820537538871;-13.498018569683
-0.834160490841597;-22.4815760804553
-0.631823080720548;-27.176849055289
-5.78097226090248;-16.7431568590098
4.0402510987789;-22.5744435076904
-2.68782014827962;-28.2846205958999
-0.461242637571026;-18.1792105670625
2.42177015665959;-23.1627249817145
1.12857453062548;-22.3064909170979
-0.626089231479448;-25.3053453755197
0.318102652283401;-17.5550416708324
4.6816322941229;-15.4316905938649
7.86540338814474;-20.2647207019515
9.8392181453093;-10.8412851639774
5.3880124551473;-22.2321352662138
9.04318712609707;-25.4443714765397
12.258845129426;-18.9368336172598
9.79978734137618;-9.8713131262351
9.13752910093136;-19.2750370741697
13.0036770439284;-13.7823481817016
11.1062475068578;-23.6399839780144
8.08151837422284;-9.1014618431676
8.87806181507524;-12.9682690352029
10.8987087810474;-22.5528246033408
7.55322540190854;-21.5817510638603
4.63632460041699;-19.7136115702346
10.6453803682597;-15.9428494011741
6.89801008033302;-13.5688170068111
15.5162938918605;-6.70611226053378
13.7850293932419;-21.0406660145912
6.21446189994719;-24.287913360991
6.46848760635874;-20.1711019853599
14.6765795257746;-14.3165523760168
5.25505508847757;-19.364907159911
8.52008103147595;-33.398773688666
6.60630221395397;-20.0750117311184
6.18643484707848;-10.9801613277557
12.9130130864654;-16.0233693584142
12.3051466367976;-23.4725331881574
10.1078517843125;-18.7915715415664
13.6619675285158;-21.5120305614499
7.567123180918;-7.77630050765736
12.8523110556276;-14.4623331895119
6.45524308880031;-18.3782276655088
7.86042138018008;-24.6804893958173
6.92212572704652;-24.3892869382188
12.7402570380945;-8.5723482416978
11.3448331587017;-16.9700193349825
10.9470302113316;-16.6525768236829
10.8545490908448;-21.8291402704699
8.31620696415595;-15.2291827101398
8.60227654785059;-5.22700627070043
5.65521829357356;-18.8128421331609
8.87248328505794;-24.3939754587884
13.647875288089;-24.3874773370024
6.14146588679377;-15.5806291116284
7.23129886045276;-17.3143902554909
10.5058639078661;-18.6755960245893
6.48255621950949;-26.7860773022829
8.68201820216929;-20.8314055266393
5.2246036066948;-18.523836798673
7.90067570601376;-13.0390346882684
6.05452257671233;-12.9511166747257
9.08224169254679;-17.5927176658584
5.29045299734705;-20.8820365497371
5.9579223874318;-20.8757559241146
9.25532892265701;-22.7158650918019
8.17683802250175;-17.4090314892711
12.4887656018666;-24.6663016719752
11.095023124931;-27.6325830492924
6.72788699586068;-21.5446002900936
2.01880819174511;-17.058034364861
9.51704136314256;-13.3620397632358
13.0797500038277;-22.0851661810131
15.2370871785649;-13.680598271888
6.54671968596352;-22.7737512477252
11.1720673614545;-20.1969236801972
11.5553891007367;-24.9232236368489
8.28779355864571;-24.9943655823354
9.67281044653977;-15.9329816224637
13.3572364402521;-21.1502475973363
3.32142780411774;-14.7707028896855
6.40052850271318;-14.9829397118716
7.20134511719396;-16.4476030571682
6.41739459548328;-20.0488100934302
7.95202549400052;-11.1721067926076
6.69196235952077;-15.1958801584433
7.69527181516279;-20.3945068098248
9.03288593837079;-17.8515581843571
12.6496686368764;-18.2637088351236
6.4024963196703;-16.821782724132
8.15313709973329;-19.5221755375066
10.8009972243569;-16.7715951999761
7.54976262264377;-7.67818358089559
2.20289303289096;-12.3060092357404
14.4314186063128;-18.6482971840009
2.37317989458779;-13.9887902195214
8.40785323520843;-18.7446394300232
5.27775614527856;-12.1513027764423
10.8937608259662;-21.3416742829035
8.57373623073831;-22.9373378551196
9.49319775592157;-22.0042883143251
4.98750545352769;-26.128586378276
9.70773939362694;-15.3313583368941
12.8554967948835;-19.2617822471159
4.67016708209672;-19.5626055624257
10.0992883084106;-9.23193146146066
7.0779314376558;-24.5032940765529
10.0621728540061;-12.7939409913364
8.38596361725806;-22.7581476529619
7.78321019476709;-17.0058723686019
7.48318010095979;-23.009274416826
4.97190897405337;-18.3039331754601
11.5734550242109;-12.3071950021696
4.27740167474587;-5.86292309851752
12.8764004284483;-20.0879403167086
12.1332400610496;-17.7504794846337
7.49255620663673;-22.9466151528648
9.82030919939877;-13.1703647539227
6.9213427791966;-27.074527329964
10.2451783818994;-22.6787059565259
6.2426303840857;-18.8351644980543
18.5972583986944;-8.10670014503767
6.44405435096305;-25.029964348977
12.8202292322961;-16.9310674832665
11.0096982781985;-16.8270441536972
12.2869283483342;-18.2115683298499
11.7049540184354;-13.4189970817793
12.2165425672131;-18.0808866683454
9.30761934706916;-28.2228145238701
8.42275372179146;-21.8288962414624
12.3147616723003;-14.7893195776801
2.65518873069271;-25.5928724029839
4.60528734840317;-22.4858190805237
5.61960943935084;-18.9538346973495
9.25226722041999;-22.5979963685376
7.03327538572456;-14.5988834886126
13.2952273329886;-16.6607659160395
2.73896581263164;-22.5292240755733
12.3763398936033;-15.1270416957039
7.55312250815452;-19.5572790038501
7.54483318314195;-21.3371373805062
6.58054996375042;-12.7329502129623
7.84355082395798;-19.1640483809811
5.32868144219798;-19.7696309676035
7.93385378588762;-21.0325033551244
9.84297317419947;-14.3602013914614
5.2283837962693;-10.3931642598797
17.6782516900169;-14.6912798005085
8.6707569308654;-17.2809256921188
5.16469228073058;-21.4577535631381
9.41298631543113;-16.1741724184106
6.88477300417577;-18.9880170473023
6.93354190574865;-20.7111833721373
9.00773312337778;-19.7465988701701
8.989762114187;-20.9027270126768
13.132196634796;-12.6314413669761
10.0820211246641;-30.6169318737254
6.18801445704768;-20.700313500514
4.7008381626232;-17.3180982631833
11.6024971103823;-8.24945657220733
13.0422722504543;-15.8304184958579
5.80584136379674;-19.4034594972552
12.302017524664;-16.3328821033321
9.32590043090126;-14.6803811330014
12.0475298258121;-22.8012539829673
7.74247923605915;-24.6420859281238
5.5855707084634;-15.3881753362574
9.73530677183764;-18.8563708830643
8.12114258300288;-12.1929676242969
11.5036293619442;-15.9569791177308
10.0346131373085;-10.3914142653916
8.15434013088653;-7.60434021707142
5.06311171612146;-23.4958421205252
11.6454071981388;-25.5654629392758
8.74008401378804;-19.4537081694621
16.4814115965756;-14.6689700269919
9.56751009531976;-12.8303892837165
11.2731979117268;-16.2607839596012
10.073470187458;-16.8764073889487
8.64507940489139;-18.8328449094465
8.34269709446063;-15.1896550880882
13.7390122486817;-18.9698087414041
8.21648891995143;-22.3704376304433
5.5208934727635;-29.9208616509807
8.35423503743244;-15.7006756127012
4.82651250203636;-11.6492159222608
10.1597836351392;-10.8432669294059
5.46709567523271;-21.6103901416596
10.719322487284;-19.7001423958719
7.54686410525735;-18.4174009843319
6.34502976195964;-15.578831979649
17.3111475179506;-18.1739505853237
8.41143128495917;-21.8952683272298
10.3003009660365;-26.133149426247
12.6632651688565;-14.9384119282934
1.22580599377302;-22.7007508438715
13.1459975527382;-16.6115281083201
9.18125792651195;-9.42232404107898
9.34183519350106;-19.7977693651836
10.0226197971416;-23.7636848271672
5.35220425929286;-18.8296413127367
12.6155259083304;-15.4089363237964
11.1009981782427;-11.8749805979277
6.26898564795377;-20.137772670458
11.4611335376276;-20.9248003081881
13.5170735708536;-23.8848289792086
9.94777544102376;-21.6679386268096
8.47713639227996;-17.7557644445209
5.48324356617096;-12.9846429565583
8.23733505748201;-16.5748069020138
11.582351021832;-16.345198771884
-7.75795633811672;1.83145154461079
-9.48070026188411;-0.398936857284036
-5.99165404847743;6.1374667702708
-7.70671634650234;-1.43869871162763
-5.83811407664024;1.15482835438257
-5.73956559301466;-12.7790431658906
-8.53326497204185;2.28004761633307
-7.80635076198742;-0.0436782136695402
-7.1992474835404;-0.533372952936485
-8.00167231555926;0.698922430504041
-5.94961490411847;-1.52676178485395
-4.93442444241205;1.81988398282204
-7.79041315861843;2.1492594232628
-7.87409781794181;-2.58216296455613
-6.7002004997301;-0.357824001827919
-7.71481573144029;0.524459179420231
-6.37733014144468;-2.55734833073565
-9.41775219427429;4.4636390295658
-8.39321669471149;3.12331450143676
-5.68175611351615;3.22302889317842
-9.21938543950582;4.82309022339583
-6.77582532857468;0.0109155430434157
-5.95123648206264;1.72243838485528
-7.02908771935081;3.20074550535118
-5.57387136042131;1.62859969691384
-7.67664689821302;0.948389154789501
-5.39988694124262;-1.5225140248366
-4.35942588594403;-5.86218668554251
-7.89975233686298;0.780667589284976
-8.47399259303878;4.19776154211303
-6.07792455097891;-0.55151011141981
-7.07008520075229;-2.9857863803473
-8.36255261882991;1.64064113509563
-5.09339536594159;0.229514394045145
-6.30241934511258;4.09373417134728
-4.84315524877979;2.07493417868524
-2.90506740582816;3.74113238664039
-5.7408039121417;-0.147389682704396
-6.11093445724093;6.77966608211295
-6.16709908825315;0.195599024275317
-11.5893624903669;4.08981610292436
-7.8879405540934;3.07001269626343
-8.09410763330401;1.94032623622086
-9.97792618807686;-2.02518617046312
-5.60524714521981;0.117084199572479
-7.02150759498831;2.10833580207859
-10.9960410016109;-1.968478499245
-8.43548532145058;-3.81266570543445
-8.84705328730985;6.44886494631696
-6.27102059812318;4.00503746049262
-5.8781727250331;-0.589122388847796
-10.7637258443908;2.36316604495911
-5.85897904012979;0.352226799872669
-5.05314486011903;1.09920957006746
-8.13277120086386;0.670482631959722
-7.3258095693941;1.11608145334053
-5.81758333446411;3.76361786356526
-6.37361823193054;4.01715092564976
-7.29720231823903;-5.10098525951632
-5.53379799029089;4.27999957422453
-6.24464283149799;-0.936050856442019
-4.44904654707648;3.75675908554152
-4.04336077082536;4.00894817133277
-5.47118343724026;7.41996163974184
-4.38575896997763;-6.47312344971037
-10.9262250180939;1.35746330901024
-7.29107273342439;-1.19707215417659
-7.05903189477524;2.74181927987282
-6.49397293971149;4.84499975620044
-5.99336266497305;5.28939798221043
-6.20606272724393;3.16114665671616
-5.53127718341662;2.96872242995102
-8.09384465547667;-1.32857886337074
-8.95266518284511;3.51121823291225
-8.52123875788668;0.562523116705504
-5.20556848400316;5.93059910177779
-4.9519336659763;1.09636473459965
-7.018657523248;-2.73218747249978
-7.25384501117381;-5.19442993502111
-5.99818629215569;-2.66889233570342
-8.12411401640335;4.97575801439151
-6.82808205575959;0.659292785900826
-6.29512585582975;0.174026143885406
-8.72000546775591;-0.135468092648873
-8.76020450358904;8.03659046851191
-6.5510331687156;2.62134085497751
-7.90899304191743;-0.528140416036984
-7.9975790049244;2.29456102002947
-5.50889655868472;-5.48143339897028
-3.81797760465447;1.18455647583384
-6.31991087888515;4.44272478576409
-7.25488072288854;5.18625776775547
-6.94724289937012;-2.73242766767737
-3.35004902334509;0.910040482784828
-8.56984170455117;3.68778540135639
-4.27528760684965;1.19450969951272
-6.16391554722598;3.32033199577802
-6.62340794258465;0.492482574734223
-7.66393328089408;-0.195942078223106
-6.31588610371353;-6.66349286206379
-8.30102744161103;1.33555791318302
-9.52196370926095;1.69478345707448
-7.09314278216682;4.56534579289154
-8.72679105257603;3.13659184013329
-5.81789038405195;3.99877278679042
-7.0074030949871;5.32182768581089
-7.14939592653542;2.8244901212799
-8.66082107249785;2.96556188267146
-8.2980997914774;1.05429787636292
-6.98081590572684;-0.552168453883357
-8.060901919794;2.94209906043797
-5.44025137395672;4.3592018422398
-8.18357854908595;6.01364508265516
-8.20726593749493;-2.92246821810263
-9.27453210648192;-3.94721198175317
-6.7166561666696;-1.12371253181715
-7.55569669012311;-1.2143513697495
-10.7563265414504;2.95420738528106
-8.23294963242329;3.50164907884485
-5.45129373548811;-4.47151850937796
-11.4860608732551;1.7633172897331
-6.54675911104563;0.923021054794564
-6.29478109240022;0.780766036638497
-5.7627014961777;0.275387238445519
-6.61313002018508;4.19960943399692
-8.82917851979085;-4.04107163759983
-9.20917339980303;0.552666916396108
-7.02490420818907;4.8971060725808
-6.23269030445948;3.48509957874448
-4.8082776383011;2.7998398608356
-9.54283368935822;0.469933116447922
-5.28401491491395;1.3972036425131
-6.66471318790505;1.40638935361842
-8.64676415090229;4.15729283027497
-7.6975951222358;-0.949472215132466
-8.57314172158389;0.748180333793881
-6.816013674205;-0.925323788211671
-8.55667138133806;-3.53240842600377
-4.92642442467347;-3.95106740360397
-6.2642202396442;-3.25738554470948
-6.76959245984458;-0.433804485894836
-6.24943173241627;1.44397814319983
-7.19857540514184;2.39183489853408
-7.32652411366767;1.64788578245917
-6.29143658769342;2.42332484613618
-6.03530015001638;3.72855563362014
-7.16817772236323;3.67643418296017
-7.6971332049234;5.89251211622954
-7.54483905059885;1.10189641786253
-6.57129853537249;6.88050031584332
-9.06630798312436;-7.60534608876809
-7.45036229894729;2.20870408727529
-8.02253744577182;-0.642367309252708
-9.24915364904464;-3.44219859124236
-5.05589957893215;5.79393846943559
-6.64793994810453;-0.889586550554516
-8.23783400568521;2.70558428694563
-7.38213705471712;0.158535751881668
-7.19073438515206;-5.3767957647667
-3.86330576650723;-3.6477767560607
-5.90955269433248;1.70260937858941
-7.68043756024646;-3.94709819433676
-4.98730439081131;3.25455402145222
-7.08652459443989;-0.899173716074195
-6.03103537040425;4.22249427693408
-5.73672270841554;0.0444119235597
-5.85721447553725;2.30424694709428
-6.86108107987648;2.81192934096883
-6.69941510738691;2.75971900350319
-6.16436620005056;-0.48000594890129
-5.5239783436178;-6.34839849208327
-7.70376586383612;0.792537052240223
-4.93110719042734;1.39479029971314
-6.95420470215666;3.37030390902115
-7.93612002028945;-2.0461825322201
-6.32158181778537;-0.531615739289054
-8.32363257112616;2.19276623084811
-5.70295244709088;2.04116003189743
-8.81217005807355;0.827183961942447
-9.05337782650952;0.494535535653416
-9.04023441177499;-0.219525555026122
-10.6854924554505;-0.117292085710915
-6.19780969738961;2.88697429747907
-6.96102820315497;1.54803416062666
-4.61570371605761;5.75618101302995
-5.90887823966713;4.68155906180976
-5.49061721697512;-0.931689442680486
-9.81039910036199;1.25351386269954
-6.10178134257175;-0.860381220148152
-4.87258732249177;-1.21774498420637
-5.12947816552451;1.49509400859946
-7.11886229465175;7.34583837815509
-7.3273317962803;2.50900081297764
-8.28774570534113;-1.05060038137684
-8.2050478938953;-1.54151964828834
-7.67980476974429;0.0729454028424854
-8.70159625014528;-0.0884671214180475
-6.07362166607828;0.827422356608066
-8.02937213744713;-1.64534883050731
-7.42859272673239;2.95241963192438
8.99564555331554;-17.0446715133376
2.34628705288126;-20.5579760781798
10.8244091925713;-21.5099683076888
16.280079445658;-14.4226749445882
10.9230886973698;-19.8855425222229
13.0802510554052;-19.3213365814072
9.98109301492288;-20.1284628892304
11.1793964842674;-13.9824683411843
14.9661278112037;-8.40205001410786
16.2945084097651;-14.2296883804554
13.6784720038678;-18.95040037115
18.2641560384086;-8.45696049526743
11.3882922959995;-22.8347671771148
10.1074158791571;-20.0541362787075
14.6191859056067;-14.380671892335
7.05948266922845;-15.8792148855431
15.1209678746537;-14.5254921841105
12.9781081277263;-11.7612117528798
14.003913219862;-17.5849445346978
14.8292141946825;-10.5213383431726
18.2478768732664;-8.49865788035301
13.4926364317748;-13.0787818005363
14.7410882108683;-22.6357847939601
8.13683178506039;-5.29496948755819
12.2303559184147;-18.6010382005154
8.96438494612039;-10.3550300908896
14.428069786472;-18.5274037293474
14.1525121708385;-23.6957148142274
13.0632805588187;-16.9582262745639
10.9159652242874;-17.5395530794694
11.4522019192965;-13.9474969974085
7.04098730906131;-4.58453098887948
12.502246294842;-17.9694750043647
11.4682016514057;-17.751819547447
11.7542992339441;-15.4118118364577
16.965156690303;-22.3805634469071
15.0903216135052;-17.0672372777003
21.1791957159676;-12.7776060563611
21.3535125689585;-19.3905350493801
17.5898243067587;-15.0091762629481
13.8193814737669;-13.0598721483031
20.2161841159437;-7.07678305763613
10.4877768227439;-22.005075887262
16.5791801138577;-13.602884501377
14.5975274555492;-27.764410101321
16.6666081008694;-23.1148820584027
8.15213847114031;-15.5335501974857
13.4701418419413;-19.0010591657721
12.6445962835132;-9.97831247808143
19.1649284154179;-10.4574896030079
8.84931862191638;-5.70917727658207
13.2083446346261;-20.8828960879115
22.9846379526903;-15.7026000080127
25.7616377600005;-19.6335632911941
9.79793936559681;-17.2572477003795
10.9413104679505;-18.6174345250755
14.2271925486527;0.66234814914284
14.3595124328386;-17.7014989108798
10.6929678672886;-17.7080184364149
15.879955791342;-17.5116167801452
9.37879897496265;-13.9524796919788
7.50688306651677;-19.439190804812
2.52382483544876;-16.7688112105599
8.17033759973285;-19.5635715779847
22.3332678442572;-18.6779590500222
15.8177458857823;-11.309057026816
10.620398183548;-11.1559254077709
11.9223312032416;-9.57373342155513
24.279362919246;-20.1430414011545
6.62925459457574;-10.1784477019692
17.6471126170636;-11.0541065519458
15.202232116961;-20.524323378766
9.59357279545273;-17.2307193688641
16.2729190017773;-0.137410936664889
16.1236639861069;-14.0730141017193
10.4733119062696;-14.5188594860602
8.56766987312453;-16.5356550363062
17.5874031440421;-11.1611338260068
14.065441142829;-13.9397085050309
13.0770412753002;-17.2773582797063
6.90934696815034;-3.04433042564094
12.5302910348115;-22.1478969855839
12.2216932374881;-18.6895894495181
12.7768134618256;-15.1180633430296
8.70609584740378;-13.8771887822927
9.90252649320588;-17.2937070462544
13.6010461123758;-18.6308094526058
8.77507982219467;-19.4160411472973
8.85625186611368;-22.9590988052332
10.0873228022319;-19.678628952287
8.67141028462833;-18.7379400281147
8.4092918813581;-15.4701486722482
8.07863701588839;-14.8588865280172
11.7958626377073;-16.5225680503745
15.3907162365529;-18.2845864607082
12.3173580098344;-21.2309274532173
10.2002837402438;-21.7199737687643
16.6645115559363;-21.7932404919837
9.00633683046922;-23.2433877522636
13.6923742519974;-11.0729503704082
12.2526675310046;-17.8710794636298
16.4237243524426;-19.4539425529766
9.05893389432235;-17.9732322946111
8.83751841323635;-26.3137672072861
15.0571530891699;-19.5011485981745
17.446206508707;-12.9981009438669
19.0489334225334;-15.3267193948005
11.6683762095041;-19.5059515603952
12.5080550475161;-21.4153571415903
13.0633584667034;-13.0338985443784
7.42147769783099;-21.1339403701393
13.2117088385132;-9.6509728073147
15.5270916383321;-19.2833267631605
14.8527178642233;-27.8546867047498
12.7271806278051;-22.5517096753761
17.5603802985917;-19.7155602430889
19.9771246376562;-16.5110173840075
16.9695833878136;-19.0523684280657
8.15513359734864;-19.6401821922603
14.4327019598358;-13.8126172303539
12.609087055432;-14.6128760162426
12.0108057683005;-13.3408417961394
15.5543428485812;-13.6831854630138
18.1982692587577;-18.3904348164472
19.2897959548686;-18.360523132825
11.6655510182486;-19.7804319264536
17.703618830038;-19.3499891544333
15.8467878272339;-18.6736495078397
8.35377342717437;-19.6090619208558
15.2879807191066;-22.1162300602709
13.1149589425347;-14.9400144491943
17.3994165276979;-14.2159757584437
13.0830779570104;-14.2465844115422
12.9283786681515;-12.0706858743931
13.4695953314884;-9.5312565039025
11.6981815022513;-16.1232902564861
14.1032041807053;-26.1386898546101
18.7394145770332;-17.8470899458652
13.4678863992656;-11.4912874841932
21.057686946722;-15.2206748862717
12.3728154234264;-17.1812772995422
11.5796293971604;-25.2300608981273
10.4413247310214;-13.4477387387494
14.5323425928821;-13.4148280603635
15.1002409887049;-8.5183802247151
14.8645922291577;-20.8652938781618
14.7372182636569;-18.3318731222389
14.801957269296;-16.9639715208493
14.2896475695598;-10.6576846404495
13.4632681934835;-21.7404890557453
19.7970651435392;-18.3843400329348
9.16964508259103;-17.6005700873287
21.818613146898;-11.8941513393859
12.6974763169706;-12.0456317571109
9.9638975444296;-23.4524924514624
23.5533284616508;-18.6480918531134
11.4808699399799;-17.8169274288977
10.871923725643;-17.9197166893864
12.8497108868348;-16.1537725837768
11.2050904236609;-10.1979398162739
10.3668997437834;-17.4728139603997
2.36800251707048;-15.2512222663292
13.2782655732992;-11.29191736674
11.0731624832011;-11.882125013227
14.1153353098869;-19.5668909111337
12.4421922360257;-7.9049298099772
17.9116191125075;-12.5806418246972
14.6196347554238;-14.157160420734
12.8919647509563;-10.1254795540859
20.2645967868532;-19.8391622148062
24.3382011736998;-26.7631729442209
17.5988582889875;-22.9985034413362
12.6832937985294;-20.8965688828073
8.3183012862104;-17.8960559895844
13.3588090962447;-18.1909989545595
15.5387079508583;-26.6914795429689
9.79579114588398;-21.6840770901123
17.5001860224328;-13.8905399374804
10.7455174723281;-10.9776537110722
15.7987858535046;-19.5096636768096
9.2730473880222;-11.4446332740195
11.5927511545694;-22.9403098299667
13.3214979523939;-18.375502919159
16.691122121892;-19.730868621854
21.8668190151401;-13.709554257597
15.8733695937824;-24.0328813359955
15.2968703660945;-21.5960842364681
13.2550860393461;-11.9088251349318
11.8325717493812;-22.8973791079362
12.8410430350884;-9.62656107727504
12.7883863016723;-11.3683697451559
16.4855378179448;-11.2282220962786
11.9689585942384;-24.7959370630469
12.2429906223209;-25.0621619375798
9.50154217269271;-13.0693837897699
19.2835916047604;-19.8414496798603
11.9825064630237;-15.7051661260472
13.449676497672;-14.3578598811284
25.136877439246;-10.5393633133246
13.4435051287391;-22.8525019902356
2.54714970975433;18.9963140698785
3.88524347626008;19.4760930131677
2.51282093594221;18.9961080120017
9.66823547564701;16.4966382159068
-0.414543595532472;9.92238115981676
7.13567639162392;9.68537404863028
-1.99968968316474;13.4029866897149
-7.15762656160628;14.8302730012941
-1.09369294366806;20.0517165292746
2.39167085870073;9.11962875589315
-5.95511065031582;19.1406213871041
2.26046917855237;10.9164478965588
9.15845757411425;14.4663208474031
-0.271637616614358;13.1246661266134
1.83243662885946;13.9206469994717
-2.01058158440853;8.49787092818654
-3.37680473005842;18.5662565047951
-9.55181930481155;18.0734383107803
-0.0981945739785317;16.6914114321186
1.25494678848773;11.3815311736465
-5.41752142315336;11.0192229131813
3.63565356149324;14.4241394962283
0.721049760489348;11.4178699442434
5.62364411441245;19.9276142213478
-1.49145428402943;16.0600731712368
3.1320346190487;15.0425763085109
3.76554211027521;16.2870047771205
10.4351318492753;15.1517077805458
5.44553437434472;11.5949838375595
6.59366606577736;17.5778518298717
0.472142425459764;14.8984701969234
-1.59391520569813;17.5671478977356
9.81762271305303;16.020769074511
8.31653435554805;16.2136602601215
0.175927168522355;19.6815109566755
-1.54990750812325;16.6292427409682
2.9690879064283;15.0163753701127
-0.670080532599426;17.9180120695535
3.82129998217256;19.3433253871153
9.77898552044234;14.4550511176804
8.27548142762742;12.9906381219265
9.5186591973551;16.5281187301688
7.58631098949329;12.5553518015222
3.29796351963829;16.273553012592
-1.21422443110845;13.6158081379289
14.19573348891;12.6230650453263
-2.89849874363338;9.26448669107259
-2.25312848286152;8.30985642322246
3.20130822861086;15.6116154967885
6.13970424370653;14.1568048891622
4.05696778074458;18.6453165653884
0.725392950061923;21.4554376276236
4.39314605590448;15.1309543682245
5.46420391501843;15.2263806673381
5.79089482810161;13.3614178369583
13.6360804918716;16.5838133774066
7.56593625739757;12.861485898533
3.37402792348421;6.27609943784976
-1.57268974388533;12.6817677516803
2.98631755415853;13.3668470566693
-0.53389335971373;16.1354761774424
1.29422972645432;13.054467395796
3.43460579702727;12.6931683218723
3.74006454686265;14.6851635881437
1.15002102835269;14.4171966504003
6.25891486255033;17.5022971120109
-4.72143005250803;14.2863032656944
3.38858019451232;9.57669084043848
-3.43950387133417;20.7889635498652
9.07955079017196;10.4256744277331
7.43062494931623;12.7021731013485
7.46563135688017;15.6415342509078
10.1582471629331;14.6556621987647
2.40063073842225;16.4018194524247
1.42756512941364;15.2803356792851
-0.262077942180369;15.0819841122859
3.55238414665521;14.6797082338323
-1.71607749810603;12.8197841378379
4.4290558217761;13.0677579254973
11.7734311810385;15.9649661724727
2.54281691299537;14.1163453280091
4.90789150030841;15.0245864722902
2.22105755511146;10.5599650208379
-4.18214119796529;18.2179890227954
6.28771539916437;24.4503711878662
1.89555632318853;15.0496873486869
2.62042815165885;14.3389876820163
-0.284283121309974;24.6810451667313
-2.82142195704747;18.0259630894568
13.7617955640358;9.55179166965151
-2.26970778644824;16.9905962663977
-1.99772933131424;14.9483037868325
1.78032905196817;11.8087312637939
-1.56595359155262;8.93503843800479
5.72713843161043;13.6440324491828
1.19177028885599;13.6577955502766
2.47841055860381;9.56893572653008
-7.28839327920489;19.4250660430605
12.1495995635175;16.5806007496651
-1.81163111383655;9.92340538804536
5.07118971433407;4.84451766349744
12.2231854431073;15.0010634489007
-0.775897430213231;12.6736645409874
-3.00084925104886;15.5444586263755
3.34012387228453;14.6923798591837
0.580331109952927;15.5862540773748
5.45371414474909;17.5263912636079
3.8913655219513;14.0560388700624
14.7079754788385;13.790047760731
7.04783431893286;12.3492162546919
9.98380682972095;20.0256983297916
-7.33728887360352;15.2642016261142
-4.45249879194542;18.2683097249542
8.04451451242224;15.7503077913796
-2.72763641636717;8.93103577709765
-0.448858462030425;18.7230928548664
-4.78224212103345;16.6999698106189
5.52047284641389;10.9810015002099
-3.27465706609058;14.0260193524482
-2.76783027843996;14.3062004813443
5.249669254825;17.0783529311522
2.09962082377502;12.8616300486141
-4.31377427764911;10.4120175009174
0.415274994965993;16.9527370193092
-10.0525793367674;16.9018592641983
-6.69446830643455;15.3988967869329
4.22549992471842;15.5371276688594
4.86511661388628;15.9057230971399
3.9914421754633;8.71913102038445
0.82273654598104;11.4271409393257
1.57240099044583;16.0832976142927
0.994151615282223;13.7803779286345
1.70074305822557;11.0559767007232
-4.8487429668665;12.6900020107959
-4.57795105588918;14.9908697951526
3.72395952177554;7.74844574642223
0.221891297175643;12.9029290323993
4.5644400135914;16.6776633182846
-1.7268845558568;18.4263125620006
0.918111857292901;22.4086069087142
2.04101482450384;15.554514278181
2.76849656084252;19.8497764195498
0.983369185588001;20.1867081231736
1.79897102394577;13.5630177501071
2.9222098905377;17.9643359731391
-7.95258193452567;12.3149877407168
2.02530256502118;18.5903482814361
-2.12243851458985;11.9348418992641
-1.12248208910518;13.493000566228
3.86672914237704;13.8259785967696
3.54782167398671;20.6328886316572
1.21898356421175;23.0061358527505
1.78314302120366;10.8806248853719
0.874586799800124;20.4307847114064
-4.02445861103916;17.0912102609005
6.81699954086407;13.9133397763006
0.288509873078898;18.2954712796941
1.67318285167;7.48352557241736
4.85093244753057;12.1027528832582
2.53993164653445;16.3739434705723
7.20799898309865;9.09014326306816
-4.23900316137752;9.72440846301815
4.58390329285561;12.1623624485129
-1.35602739193347;20.6298060159543
7.80359881552989;19.5736327500549
-4.22353608749447;15.0195051692263
5.12878875974438;13.9332116468115
-1.99195302810916;12.3385673330973
2.72566881389238;15.9214102568573
10.4289428834535;16.0192237724106
-5.00151365290755;14.1847705843511
9.12301347316705;13.7712184424826
10.1634423206631;19.2475986994984
-8.40583506000542;13.6085686293074
9.04910052394184;13.8232896519521
8.71381896609557;9.99152745185366
-0.10531348101745;13.9838144538168
-1.58117316449062;16.7873624314768
4.84277756359449;14.3497209932447
3.54617821398808;17.9980447297943
3.99254475234163;17.4742104986201
-2.87094205851198;18.0327794862443
7.08744647813083;11.0318373341159
-3.96658844888486;6.27897274737079
6.14487703376737;18.7047143363136
-1.26654698800664;16.2410508998415
2.72270163642554;10.6014229809853
4.88401510903148;15.8011751605304
-2.74277420544367;7.66394755577021
5.66818809925033;16.1138456983357
-4.01806384526293;15.6493458682291
5.2167754035392;15.8534329940656
4.81219321576093;8.68425232674157
4.5208168048171;16.3448776746623
7.90961591272747;21.5908008112302
2.26414447804035;18.6033132526678
6.39508204491574;17.9983392793525
6.41083355564195;21.4045415532305
5.48450076456442;8.39189159425718
6.98292303790318;13.2117999356395
